{"name":"animated","type":"selector","title":":animated Selector","deprecated":null,"removed":null,"desc":"Select all elements that are in the progress of an animation at the time the selector is run.","categories":["selectors/basic-filter-selectors","selectors/jquery-selector-extensions","version/1.2"],"entries":[{"return":"","signatures":{"added":"1.2"},"examples":{"desc":"Change the color of any div that is animated.","code":"\n\n    $(\"#run\").click(function(){\n      $(\"div:animated\").toggleClass(\"colored\");\n    });\n    function animateIt() {\n      $(\"#mover\").slideToggle(\"slow\", animateIt);\n    }\n    animateIt();\n","html":"<button id=\"run\">Run</button>\n\n  <div></div>\n  <div id=\"mover\"></div>\n  <div></div>","css":"\n  div { background:yellow; border:1px solid #AAA; width:80px; height:80px; margin:0 5px; float:left; }\n  div.colored { background:green; }\n  "},"longdesc":"\n    <p><strong>Note:</strong> If you use a custom jQuery build <em>without the effects module</em>, the <code>:animated</code> selector will throw an error. </p>\n  "}],"slug":"animated-selector"}