{"name":"append","type":"method","title":".append()","deprecated":null,"removed":null,"desc":"Insert content, specified by the parameter, to the end of each element in the set of matched elements.","categories":["manipulation/dom-insertion-inside","version/1.0","version/1.4"],"entries":[{"return":"jQuery","signatures":[{"added":"1.0","argument":[{"desc":"DOM element, HTML string, or jQuery object to insert at the end of each element in the set of matched elements.","type":[{"name":"htmlString"},{"name":"Element"},{"name":"jQuery"}],"name":"content"},{"desc":"One or more additional DOM elements, arrays of elements, HTML strings, or jQuery objects to insert at the end of each element in the set of matched elements.","type":[{"name":"htmlString"},{"name":"Element"},{"name":"Array"},{"name":"jQuery"}],"name":"content","optional":"true"}]},{"added":"1.4","argument":{"desc":"A function that returns an HTML string, DOM element(s), or jQuery object to insert at the end of each element in the set of matched elements. Receives the index position of the element in the set and the old HTML value of the element as arguments. Within the function, <code>this</code> refers to the current element in the set.\n","name":"function(index, html)","type":"Function"}}],"examples":[{"desc":"Appends some HTML to all paragraphs.","code":"\n  $(\"p\").append(\"<strong>Hello</strong>\");\n","css":"\n  p { background:yellow; }\n","html":"<p>I would like to say: </p>"},{"desc":"Appends an Element to all paragraphs.","code":"\n  $(\"p\").append(document.createTextNode(\"Hello\"));\n","css":"\n  p { background:yellow; }\n","html":"<p>I would like to say: </p>\n"},{"desc":"Appends a jQuery object (similar to an Array of DOM Elements) to all paragraphs.","code":"\n  $(\"p\").append( $(\"strong\") );\n","css":"\n  p { background:yellow; }\n","html":"<strong>Hello world!!!</strong><p>I would like to say: </p>"}],"longdesc":"\n    <p>The <code>.append()</code> method inserts the  specified content as the last child of each element in the jQuery collection (To insert it as the <em>first</em> child, use <a href=\"http://api.jquery.com/prepend/\"><code>.prepend()</code></a>). </p>\n    <p>The <code>.append()</code> and <code><a href=\"/appendTo\">.appendTo()</a></code> methods perform the same task. The major difference is in the syntax-specifically, in the placement of the content and target. With<code> .append()</code>, the selector expression preceding the method is the container into which the content is inserted. With <code>.appendTo()</code>, on the other hand, the content precedes the method, either as a selector expression or as markup created on the fly, and it is inserted into the target container.</p>\n    <p>Consider the following HTML:</p>\n    <pre><code>&lt;h2&gt;Greetings&lt;/h2&gt;\n&lt;div class=\"container\"&gt;\n  &lt;div class=\"inner\"&gt;Hello&lt;/div&gt;\n  &lt;div class=\"inner\"&gt;Goodbye&lt;/div&gt;\n&lt;/div&gt;\n</code></pre>\n    <p>You can create content and insert it into several elements at once:</p>\n    <pre><code>$('.inner').append('&lt;p&gt;Test&lt;/p&gt;');\n</code></pre>\n    <p>Each inner <code>&lt;div&gt;</code> element gets this new content:</p>\n    <pre><code>&lt;h2&gt;Greetings&lt;/h2&gt;\n&lt;div class=\"container\"&gt;\n  &lt;div class=\"inner\"&gt;\n    Hello\n    &lt;p&gt;Test&lt;/p&gt;\n  &lt;/div&gt;\n  &lt;div class=\"inner\"&gt;\n    Goodbye\n    &lt;p&gt;Test&lt;/p&gt;\n  &lt;/div&gt;\n&lt;/div&gt;\n</code></pre>\n    <p>You can also select an element on the page and insert it into another:</p>\n    <pre><code>$('.container').append($('h2'));\n</code></pre>\n    <p>If an element selected this way is inserted into a single location elsewhere in the DOM, it will be moved into the target (not cloned):</p>\n    <pre><code>&lt;div class=\"container\"&gt;\n  &lt;div class=\"inner\"&gt;Hello&lt;/div&gt;\n  &lt;div class=\"inner\"&gt;Goodbye&lt;/div&gt;\n  &lt;h2&gt;Greetings&lt;/h2&gt;\n&lt;/div&gt;\n</code></pre>\n    <p>If there is more than one target element, however, cloned copies of the inserted element will be created for each target after the first.</p>\n    <h4 id=\"additional-arguments\">Additional Arguments</h4>\n    <p>Similar to other content-adding methods such as <code><a href=\"http://api.jquery.com/prepend/\">.prepend()</a></code> and <code><a href=\"http://api.jquery.com/before/\">.before()</a></code>, <code>.append()</code> also supports passing in multiple arguments as input. Supported input includes DOM elements, jQuery objects, HTML strings, and arrays of DOM elements.</p>\n    <p>For example, the following will insert two new <code>&lt;div&gt;</code>s and an existing <code>&lt;div&gt;</code> as the last three child nodes of the body:</p>\n    <pre><code>var $newdiv1 = $('&lt;div id=\"object1\"/&gt;'),\n    newdiv2 = document.createElement('div'),\n    existingdiv1 = document.getElementById('foo');\n\n$('body').append($newdiv1, [newdiv2, existingdiv1]);\n</code></pre>\n    <p>Since <code>.append()</code> can accept any number of additional arguments, the same result can be achieved by passing in the three <code>&lt;div&gt;</code>s as three separate arguments, like so: <code>$('body').append($newdiv1, newdiv2, existingdiv1)</code>. The type and number of arguments will largely depend on how you collect the elements in your code.</p>\n  "}]}