{"name":"before","type":"method","title":".before()","deprecated":null,"removed":null,"desc":"Insert content, specified by the parameter, before each element in the set of matched elements.","categories":["manipulation/dom-insertion-outside","version/1.0","version/1.4"],"entries":[{"return":"jQuery","signatures":[{"added":"1.0","argument":[{"desc":"HTML string, DOM element, or jQuery object to insert before each element in the set of matched elements.","type":[{"name":"htmlString"},{"name":"Element"},{"name":"jQuery"}],"name":"content"},{"desc":"One or more additional DOM elements, arrays of elements, HTML strings, or jQuery objects to insert before each element in the set of matched elements.","type":[{"name":"htmlString"},{"name":"Element"},{"name":"Array"},{"name":"jQuery"}],"name":"content","optional":"true"}]},{"added":"1.4","argument":{"desc":"A function that returns an HTML string, DOM element(s), or jQuery object to insert before each element in the set of matched elements. Receives the index position of the element in the set as an argument. Within the function, <code>this</code> refers to the current element in the set.\n      ","name":"function","type":"Function"}}],"examples":[{"desc":"Inserts some HTML before all paragraphs.","code":"$(\"p\").before(\"<b>Hello</b>\");","css":"p { background:yellow; }","html":"<p> is what I said...</p>"},{"desc":"Inserts a DOM element before all paragraphs.","code":"$(\"p\").before( document.createTextNode(\"Hello\") );","css":"p { background:yellow; }","html":"<p> is what I said...</p>"},{"desc":"Inserts a jQuery object (similar to an Array of DOM Elements) before all paragraphs.","code":"$(\"p\").before( $(\"b\") );","css":"p { background:yellow; }","html":"<p> is what I said...</p><b>Hello</b>"}],"longdesc":"\n    <p>The <code>.before()</code> and <code><a href=\"/insertBefore\">.insertBefore()</a></code> methods perform the same task. The major difference is in the syntax-specifically, in the placement of the content and target. With<code> .before()</code>, the selector expression preceding the method is the container before which the content is inserted. With <code>.insertBefore()</code>, on the other hand, the content precedes the method, either as a selector expression or as markup created on the fly, and it is inserted before the target container.</p>\n    <p>Consider the following HTML:</p>\n    <pre><code>&lt;div class=\"container\"&gt;\n  &lt;h2&gt;Greetings&lt;/h2&gt;\n  &lt;div class=\"inner\"&gt;Hello&lt;/div&gt;\n  &lt;div class=\"inner\"&gt;Goodbye&lt;/div&gt;\n&lt;/div&gt;</code></pre>\n    <p>You can create content and insert it before several elements at once:</p>\n    <pre><code>$('.inner').before('&lt;p&gt;Test&lt;/p&gt;');</code></pre>\n    <p>Each inner <code>&lt;div&gt;</code> element gets this new content:</p>\n    <pre><code>&lt;div class=\"container\"&gt;\n  &lt;h2&gt;Greetings&lt;/h2&gt;\n  &lt;p&gt;Test&lt;/p&gt;\n  &lt;div class=\"inner\"&gt;Hello&lt;/div&gt;\n  &lt;p&gt;Test&lt;/p&gt;\n  &lt;div class=\"inner\"&gt;Goodbye&lt;/div&gt;\n&lt;/div&gt;</code></pre>\n    <p>You can also select an element on the page and insert it before another:</p>\n    <pre><code>$('.container').before($('h2'));</code></pre>\n    <p>If an element selected this way is inserted into a single location elsewhere in the DOM, it will be moved before the target (not cloned):</p>\n    <pre><code>&lt;h2&gt;Greetings&lt;/h2&gt;\n&lt;div class=\"container\"&gt;\n  &lt;div class=\"inner\"&gt;Hello&lt;/div&gt;\n  &lt;div class=\"inner\"&gt;Goodbye&lt;/div&gt;\n&lt;/div&gt;</code></pre>\n    <p>If there is more than one target element, however, cloned copies of the inserted element will be created for each target after the first.</p>\n    <p>In jQuery 1.4, <code>.before()</code> and <code>.after()</code> will also work on disconnected DOM nodes:</p>\n    <pre><code>$(\"&lt;div/&gt;\").before(\"&lt;p&gt;&lt;/p&gt;\");</code></pre>\n    <p>The result is a jQuery set that contains a paragraph and a div (in that order).</p>\n    <h4 id=\"additional-arguments\">Additional Arguments</h4>\n    <p>Similar to other content-adding methods such as <code><a href=\"http://api.jquery.com/prepend/\">.prepend()</a></code> and <code><a href=\"http://api.jquery.com/after/\">.after()</a></code>, <code>.before()</code> also supports passing in multiple arguments as input. Supported input includes DOM elements, jQuery objects, HTML strings, and arrays of DOM elements.</p>\n    <p>For example, the following will insert two new <code>&lt;div&gt;</code>s and an existing <code>&lt;div&gt;</code> before the first paragraph:</p>\n    <pre><code>var $newdiv1 = $('&lt;div id=\"object1\"/&gt;'),\n    newdiv2 = document.createElement('div'),\n    existingdiv1 = document.getElementById('foo');\n\n$('p').first().before($newdiv1, [newdiv2, existingdiv1]);\n</code></pre>\n    <p>Since <code>.before()</code> can accept any number of additional arguments, the same result can be achieved by passing in the three <code>&lt;div&gt;</code>s as three separate arguments, like so: <code>$('p').first().before($newdiv1, newdiv2, existingdiv1)</code>. The type and number of arguments will largely depend on how you collect the elements in your code.</p>\n  "}]}