{"name":"button","type":"selector","title":":button Selector","deprecated":null,"removed":null,"desc":"Selects all button elements and elements of type button.","categories":["selectors/form-selectors","selectors/jquery-selector-extensions","version/1.0"],"entries":[{"return":"","signatures":{"added":"1.0"},"examples":{"desc":"Find all button inputs and mark them.","code":"\n  var input = $(\":button\").addClass(\"marked\");\n  $(\"div\").text( \"For this type jQuery found \" + input.length + \".\" );\n  $(\"form\").submit(function () { return false; }); // so it won't submit\n","css":"\n  textarea { height:35px; }\n  div { color: red; }\n  fieldset { margin: 0; padding: 0; border-width: 0; }\n  .marked { background-color: yellow; border: 3px red solid; }\n","html":"<form>\n  <fieldset>\n    <input type=\"button\" value=\"Input Button\"/>\n    <input type=\"checkbox\" />\n\n    <input type=\"file\" />\n    <input type=\"hidden\" />\n    <input type=\"image\" />\n\n    <input type=\"password\" />\n    <input type=\"radio\" />\n    <input type=\"reset\" />\n\n    <input type=\"submit\" />\n    <input type=\"text\" />\n    <select><option>Option<option/></select>\n\n    <textarea></textarea>\n    <button>Button</button>\n  </fieldset>\n</form>\n\n<div>\n</div>"},"longdesc":"\n    <p>An equivalent selector to <code>$(\":button\")</code> using valid CSS is <code>$(\"button, input[type='button']\")</code>.</p>\n  "}],"slug":"button-selector"}