{"name":"callbacks.fireWith","type":"method","title":"callbacks.fireWith()","deprecated":null,"removed":null,"desc":"Call all callbacks in a list with the given context and arguments.","categories":["callbacks-object","version/1.7"],"entries":[{"return":"Callbacks","signatures":{"added":"1.7","argument":[{"desc":"A reference to the context in which the callbacks in the list should be fired.","name":"context","optional":"true"},{"desc":"An argument, or array of arguments, to pass to the callbacks in the list.","name":"args","optional":"true"}]},"examples":null,"longdesc":"\n    <p>This method returns the Callbacks object onto which it is attached (<code>this</code>). </p>\n    <h2 id=\"example-1\">Example</h2>\n    <p>Use <code>callbacks.fireWith()</code> to fire a list of callbacks with a specific context and an array of arguments:</p>\n    <pre><code><![CDATA[// a sample logging function to be added to a callbacks list\nvar log = function( value1, value2 ) {\n  console.log( \"Received: \" + value1 + \",\" + value2 );\n};\n\nvar callbacks = $.Callbacks();\n\n// add the log method to the callbacks list\ncallbacks.add( log );\n\n// fire the callbacks on the list using the context \"window\"\n// and an arguments array\n\ncallbacks.fireWith( window, [\"foo\",\"bar\"]);\n\n// outputs: \"Received: foo, bar\"\n]]></code></pre>\n  "}]}