{"name":"dequeue","type":"method","title":".dequeue()","deprecated":null,"removed":null,"desc":"Execute the next function on the queue for the matched elements.","categories":["effects/custom-effects","data","utilities","version/1.2"],"entries":[{"return":"jQuery","signatures":{"added":"1.2","argument":{"desc":"A string containing the name of the queue. Defaults to <code>fx</code>, the standard effects queue.","name":"queueName","optional":"true","type":"String"}},"examples":{"desc":"Use dequeue to end a custom queue function which allows the queue to keep going.","code":"\n$(\"button\").click(function () {\n  $(\"div\").animate({left:'+=200px'}, 2000);\n  $(\"div\").animate({top:'0px'}, 600);\n  $(\"div\").queue(function () {\n    $(this).toggleClass(\"red\");\n    $(this).dequeue();\n  });\n  $(\"div\").animate({left:'10px', top:'30px'}, 700);\n});\n","css":"\n  div { margin:3px; width:50px; position:absolute;\n  height:50px; left:10px; top:30px;\n  background-color:yellow; }\n  div.red { background-color:red; }\n","html":"<button>Start</button>\n<div></div>"},"longdesc":"\n    <p>When <code>.dequeue()</code> is called, the next function on the queue is removed from the queue, and then executed. This function should in turn (directly or indirectly) cause <code>.dequeue()</code> to be called, so that the sequence can continue.</p>\n  "}]}