{"name":"descendant","type":"selector","title":"Descendant Selector (\"ancestor descendant\")","deprecated":null,"removed":null,"desc":"Selects all elements that are descendants of a given ancestor.","categories":["selectors/hierarchy-selectors","version/1.0"],"entries":[{"return":"","signatures":{"added":"1.0","argument":[{"desc":"Any valid selector.","name":"ancestor","type":"Selector"},{"desc":"A selector to filter the descendant elements.","name":"descendant","type":"Selector"}]},"examples":{"desc":"Mark all inputs that are descendants of a form with a dotted blue border. Give a yellow background to inputs that are descendants of a fieldset that is a descendant of a form.","code":"\n$( \"form input\" ).css( \"border\", \"2px dotted blue\" );\n$( \"form fieldset input\" ).css( \"backgroundColor\", \"yellow\" );\n","css":"\n\n  body { font-size: 14px; }\n  form { border: 2px green solid; padding: 2px;\n         margin: 0; background: #efe; }\n  div { color: red; }\n  fieldset { margin: 1px; padding: 3px; }\n  ","html":"<form>\n  <div>Form is surrounded by the green border.</div>\n\n  <label>Child of form:</label>\n  <input name=\"name\">\n\n  <fieldset>\n    <label>Grandchild of form, child of fieldset:</label>\n    <input name=\"newsletter\">\n  </fieldset>\n</form>\nSibling to form: <input name=\"none\">\n"},"longdesc":"\n    <p>A descendant of an element could be a child, grandchild, great-grandchild, and so on, of that element.</p>\n  "}],"slug":"descendant-selector"}