{"name":"event.pageX","type":"property","title":"event.pageX","deprecated":null,"removed":null,"desc":"The mouse position relative to the left edge of the document. ","categories":["events/event-object","version/1.0.4"],"entries":[{"return":"Number","signatures":{"added":"1.0.4"},"examples":{"desc":"Show the mouse position relative to the left and top edges of the document (within the iframe).","css":"body {background-color: #eef; }\n    div { padding: 20px; }","html":"<div id=\"log\"></div>","code":"$(document).on('mousemove',function(e){\n          $(\"#log\").text(\"e.pageX: \" + e.pageX + \", e.pageY: \" + e.pageY);\n}); "},"longdesc":"   "}]}