{"name":"event.isDefaultPrevented","type":"method","title":"event.isDefaultPrevented()","deprecated":null,"removed":null,"desc":"Returns whether <ahref=\"/event.preventDefault\">event.preventDefault()</a> was ever called on this event object. ","categories":["events/event-object","version/1.3"],"entries":[{"return":"Boolean","signatures":{"added":"1.3"},"examples":{"desc":"Checks whether event.preventDefault() was called.","code":"$(\"a\").click(function(event){\n  alert( event.isDefaultPrevented() ); // false\n  event.preventDefault();\n  alert( event.isDefaultPrevented() ); // true\n});  "},"longdesc":"   "}]}