{"name":"event.pageY","type":"property","title":"event.pageY","deprecated":null,"removed":null,"desc":"The mouse position relative to the top edge of the document. ","categories":["events/event-object","version/1.0.4"],"entries":[{"return":"Number","signatures":{"added":"1.0.4"},"examples":{"desc":"Show the mouse position relative to the left and top edges of the document (within this iframe).","css":"body {background-color: #eef; }\n      div { padding: 20px; }\n    ","html":"<div id=\"log\"></div>","code":"\n$(document).on('mousemove',function(e){\n  $(\"#log\").text(\"e.pageX: \" + e.pageX + \", e.pageY: \" + e.pageY);\n});\n    "},"longdesc":"   "}]}