{"name":"file","type":"selector","title":":file Selector","deprecated":null,"removed":null,"desc":"Selects all elements of type file.","categories":["selectors/form-selectors","selectors/jquery-selector-extensions","version/1.0"],"entries":[{"return":"","signatures":{"added":"1.0"},"examples":{"desc":"Finds all file inputs.","code":"\n\n    var input = $(\"input:file\").css({background:\"yellow\", border:\"3px red solid\"});\n    $(\"div\").text(\"For this type jQuery found \" + input.length + \".\")\n            .css(\"color\", \"red\");\n    $(\"form\").submit(function () { return false; }); // so it won't submit\n\n","css":"\n  textarea { height:45px; }\n  ","html":"<form>\n    <input type=\"button\" value=\"Input Button\"/>\n    <input type=\"checkbox\" />\n\n    <input type=\"file\" />\n    <input type=\"hidden\" />\n    <input type=\"image\" />\n\n    <input type=\"password\" />\n    <input type=\"radio\" />\n    <input type=\"reset\" />\n\n    <input type=\"submit\" />\n    <input type=\"text\" />\n    <select><option>Option<option/></select>\n\n    <textarea></textarea>\n    <button>Button</button>\n  </form>\n  <div>\n  </div>"},"longdesc":"\n    <p><code>:file</code> is equivalent to <code>[type=\"file\"]</code>. As with other pseudo-class selectors (those that begin with a \":\") it is recommended to precede it with a tag name or some other selector; otherwise, the universal selector (\"*\") is implied. In other words, the bare <code>$(':file')</code> is equivalent to <code>$('*:file')</code>, so <code>$('input:file')</code> should be used instead. </p>\n  "}],"slug":"file-selector"}