{"name":"first-of-type","type":"selector","title":":first-of-type Selector","deprecated":null,"removed":null,"desc":"Selects all elements that are the first among siblings of the same element name.","categories":["selectors/child-filter-selectors","version/1.9"],"entries":[{"return":"","signatures":{"added":"1.9"},"examples":{"desc":"Find the first span in each matched div and add a class to it.","code":"\n$(\"span:first-of-type\").addClass(\"fot\");\n","css":"\nspan.fot { color: red; font-size: 120%; font-style: italic; }\n  ","html":"<div>\n    <span>Corey,</span>\n    <span>Yehuda,</span>\n    <span>Adam,</span>\n    <span>Todd</span>\n  </div>\n  <div>\n    <b>Nobody,</b>\n    <span>Jörn,</span>\n    <span>Scott,</span>\n    <span>Timo</span>\n  </div>"},"longdesc":"\n    <p>The <code>:first-of-type</code> selector matches elements that have no other element with both the same parent and the same element name coming before it in the document tree.</p>\n  "}],"slug":"first-of-type-selector"}