{"name":"image","type":"selector","title":":image Selector","deprecated":null,"removed":null,"desc":"Selects all elements of type image.","categories":["selectors/form-selectors","selectors/jquery-selector-extensions","version/1.0"],"entries":[{"return":"","signatures":{"added":"1.0"},"examples":{"desc":"Finds all image inputs.","code":"\nvar input = $(\"input:image\").css({background:\"yellow\", border:\"3px red solid\"});\n$(\"div\").text(\"For this type jQuery found \" + input.length + \".\")\n        .css(\"color\", \"red\");\n$(\"form\").submit(function () { return false; }); // so it won't submit\n","css":"\n  textarea { height:45px; }\n  ","html":"<form>\n  <input type=\"button\" value=\"Input Button\"/>\n  <input type=\"checkbox\" />\n\n  <input type=\"file\" />\n  <input type=\"hidden\" />\n  <input type=\"image\" />\n\n  <input type=\"password\" />\n  <input type=\"radio\" />\n  <input type=\"reset\" />\n\n  <input type=\"submit\" />\n  <input type=\"text\" />\n  <select><option>Option<option/></select>\n\n  <textarea></textarea>\n  <button>Button</button>\n</form>\n<div>\n</div>"},"longdesc":"\n    <p><code>:image</code> is equivalent to <code>[type=\"image\"]</code></p>\n  "}],"slug":"image-selector"}