{"name":"innerWidth","type":"method","title":".innerWidth()","deprecated":null,"removed":null,"desc":"Get the current computed width for the first element in the set of matched elements, including padding but not border.","categories":["css","dimensions","manipulation/style-properties","version/1.2.6"],"entries":[{"return":"Integer","signatures":{"added":"1.2.6"},"examples":{"desc":"Get the innerWidth of a paragraph.","code":"var p = $(\"p:first\");\n$(\"p:last\").text( \"innerWidth:\" + p.innerWidth() );","css":"p { margin:10px;padding:5px;border:2px solid #666; } ","html":"<p>Hello</p><p></p>"},"longdesc":"\n    <p>This method returns the width of the element, including left and right padding, in pixels.</p>\n    <p>This method is not applicable to <code>window</code> and <code>document</code> objects; for these, use <code><a href=\"/width\">.width()</a></code> instead.</p>\n    <p class=\"image\">\n      <img src=\"/resources/0042_04_05.png\"/>\n    </p>\n  "}]}