{"name":"insertAfter","type":"method","title":".insertAfter()","deprecated":null,"removed":null,"desc":"Insert every element in the set of matched elements after the target.","categories":["manipulation/dom-insertion-outside","version/1.0"],"entries":[{"return":"jQuery","signatures":{"added":"1.0","argument":{"desc":"A selector, element, HTML string, or jQuery object; the matched set of elements will be inserted after the element(s) specified by this parameter.","type":[{"name":"Selector"},{"name":"htmlString"},{"name":"Element"},{"name":"jQuery"}],"name":"target"}},"examples":{"desc":"Insert all paragraphs after an element with id of \"foo\". Same as $(\"#foo\").after(\"p\")","code":"\n$(\"p\").insertAfter(\"#foo\");\n","css":"#foo { background:yellow; }","html":"<p> is what I said... </p><div id=\"foo\">FOO!</div>"},"longdesc":"\n    <p>The <code><a href=\"/after\">.after()</a></code> and <code>.insertAfter()</code> methods perform the same task. The major difference is in the syntax-specifically, in the placement of the content and target. With<code> .after()</code>, the selector expression preceding the method is the container after which the content is inserted. With <code>.insertAfter()</code>, on the other hand, the content precedes the method, either as a selector expression or as markup created on the fly, and it is inserted after the target container.</p>\n    <p>Consider the following HTML:</p>\n    <pre><code>&lt;div class=\"container\"&gt;\n  &lt;h2&gt;Greetings&lt;/h2&gt;\n  &lt;div class=\"inner\"&gt;Hello&lt;/div&gt;\n  &lt;div class=\"inner\"&gt;Goodbye&lt;/div&gt;\n&lt;/div&gt;</code></pre>\n    <p>We can create content and insert it after several elements at once:</p>\n    <pre><code>$('&lt;p&gt;Test&lt;/p&gt;').insertAfter('.inner');</code></pre>\n    <p>Each inner <code>&lt;div&gt;</code> element gets this new content:</p>\n    <pre><code>&lt;div class=\"container\"&gt;\n  &lt;h2&gt;Greetings&lt;/h2&gt;\n  &lt;div class=\"inner\"&gt;Hello&lt;/div&gt;\n  &lt;p&gt;Test&lt;/p&gt;\n  &lt;div class=\"inner\"&gt;Goodbye&lt;/div&gt;\n  &lt;p&gt;Test&lt;/p&gt;\n&lt;/div&gt;</code></pre>\n    <p>We can also select an element on the page and insert it after another:</p>\n    <pre><code>$('h2').insertAfter($('.container'));</code></pre>\n    <p>If an element selected this way is inserted into a single location elsewhere in the DOM, it will be moved after the target (not cloned) and a new set consisting of the inserted element is returned:</p>\n    <pre><code>&lt;div class=\"container\"&gt;\n  &lt;div class=\"inner\"&gt;Hello&lt;/div&gt;\n  &lt;div class=\"inner\"&gt;Goodbye&lt;/div&gt;\n&lt;/div&gt;\n&lt;h2&gt;Greetings&lt;/h2&gt;</code></pre>\n    <p>If there is more than one target element, however, cloned copies of the inserted element will be created for each target after the first, and that new set (the original element plus clones) is returned.</p>\n\t<p><strong>Before jQuery 1.9,</strong> the append-to-single-element case did not create a new set, but instead returned the original set which made it difficult to use the <code>.end()</code> method reliably when being used with an unknown number of elements.</p>\n  "}]}