{"name":"jQuery.fx.interval","type":"property","title":"jQuery.fx.interval","deprecated":null,"removed":null,"desc":"The rate (in milliseconds) at which animations fire.","categories":["effects/custom-effects","properties/global-jquery-object-properties","version/1.4.3"],"entries":[{"return":"Number","signatures":{"added":"1.4.3"},"examples":{"desc":"Cause all animations to run with less frames.","code":"\njQuery.fx.interval = 100;\n\n$(\"input\").click(function(){\n  $(\"div\").toggle( 3000 );\n});\n  ","css":"\ndiv { width:50px; height:30px; margin:5px; float:left;\n      background:green; }\n","html":"<p><input type=\"button\" value=\"Run\"/></p>\n<div></div>"},"longdesc":"\n    <p>This property can be manipulated to adjust the number of frames per second at which animations will run. The default is 13 milliseconds. Making this a lower number could make the animations run smoother in faster browsers (such as Chrome) but there may be performance and CPU implications of doing so.</p>\n    <p>Since jQuery uses one global interval, no animation should be running or all animations should stop for the change of this property to take effect.</p>\n    <p><strong>Note:</strong><code>jQuery.fx.interval</code> currently has no effect in browsers that support the <code>requestAnimationFrame</code> property, such as Google Chrome 11. This behavior is subject to change in a future release.</p>\n  "}]}