{"name":"jQuery.isXMLDoc","type":"method","title":"jQuery.isXMLDoc()","deprecated":null,"removed":null,"desc":"Check to see if a DOM node is within an XML document (or is an XML document).","categories":["utilities","version/1.1.4"],"entries":[{"return":"Boolean","signatures":{"added":"1.1.4","argument":{"desc":"The DOM node that will be checked to see if it's in an XML document.","name":"node","type":"Element"}},"examples":{"desc":"Check an object to see if it's in an XML document.","code":"jQuery.isXMLDoc(document) // false\n    jQuery.isXMLDoc(document.body) // false"},"longdesc":""}]}