{"name":"jQuery.parseHTML","type":"method","title":"jQuery.parseHTML()","deprecated":null,"removed":null,"desc":"Parses a string into an array of DOM nodes.","categories":["utilities","version/1.8"],"entries":[{"return":"Array","signatures":{"added":"1.8","argument":[{"desc":"HTML string to be parsed","name":"data","type":"String"},{"desc":"Document element to serve as the context in which the HTML fragment will be created","name":"context","type":"Element","optional":"true","default":"document"},{"desc":"A Boolean indicating whether to include scripts passed in the HTML string","name":"keepScripts","type":"Boolean","optional":"true","default":"false"}]},"examples":{"desc":"Create an array of Dom nodes using an HTML string and insert it into a div.","html":"\n<div id=\"log\">\n  <h3>Content:</h3>\n</div>\n","code":"\nvar $log = $( \"#log\" ),\n    str = \"hello, <b>my name is</b> jQuery.\",\n    html = $.parseHTML( str ),\n    nodeNames = [];\n\n// Append the parsed HTML\n$log.append( html );\n\n// Gather the parsed HTML's node names\n$.each( html, function( i, el ) {\n    nodeNames[i] = \"<li>\" + el.nodeName + \"</li>\";\n});\n\n// Insert the node names\n$log.append( \"<h3>Node Names:</h3>\" );\n$( \"<ol></ol>\" )\n  .append( nodeNames.join( \"\" ) )\n  .appendTo( $log );\n\n"},"longdesc":"\n    <p><code>jQuery.parseHTML</code> uses a native DOM element creation function to convert the string to a set of DOM elements, which can then be inserted into the document.</p>\n\t<p>By default, the <code>context</code> is the current <code>document</code> if not specified or given as <code>null</code> or <code>undefined</code>. If the HTML was to be used in another document such as an iframe, that frame's document could be used.</p>\n  "}]}