{"name":"length","type":"property","title":".length","deprecated":null,"removed":null,"desc":"The number of elements in the jQuery object.","categories":["properties/jquery-object-instance-properties","version/1.0"],"entries":[{"return":"Integer","signatures":{"added":"1.0"},"examples":{"desc":"Count the divs.  Click to add more.","code":"$(document.body).click(function () {\n  $(document.body).append($(\"<div>\"));\n  var n = $(\"div\").length;\n  $(\"span\").text(\"There are \" + n + \" divs.\" +\n                 \"Click to add more.\");\n}).trigger('click'); // trigger the click to start\n","css":"\n  body { cursor:pointer; }\n  div { width:50px; height:30px; margin:5px; float:left;\n        background:green; }\n  span { color:red; }\n  ","html":"<span></span>\n  <div></div>"},"longdesc":"\n    <p>The number of elements currently matched. The .<a href=\"/size\">size()</a> method will return the same value.</p>\n  "}]}