{"name":"mouseleave","type":"method","title":".mouseleave()","deprecated":null,"removed":null,"desc":"Bind an event handler to be fired when the mouse leaves an element, or trigger that handler on an element.","categories":["events/mouse-events","version/1.0","version/1.4.3"],"entries":[{"return":"jQuery","signatures":[{"added":"1.0","argument":{"desc":"A function to execute each time the event is triggered.","name":"handler(eventObject)","type":"Function"}},{"added":"1.4.3","argument":[{"desc":"An object containing data that will be passed to the event handler.","name":"eventData","type":"PlainObject","optional":"true"},{"desc":"A function to execute each time the event is triggered.","name":"handler(eventObject)","type":"Function"}]},{"added":"1.0"}],"examples":{"desc":"Show number of times mouseout and mouseleave events are triggered. <code>mouseout</code> fires when the pointer moves out of child element as well, while <code>mouseleave</code> fires only when the pointer moves out of the bound element.","css":"\ndiv.out {\nwidth:40%;\nheight:120px;\nmargin:0 15px;\nbackground-color:#D6EDFC;\nfloat:left;\n}\ndiv.in {\nwidth:60%;\nheight:60%;\nbackground-color:#FFCC00;\nmargin:10px auto;\n}\np {\nline-height:1em;\nmargin:0;\npadding:0;\n}\n","code":"\n    var i = 0;\n    $(\"div.overout\").mouseover(function(){\n      $(\"p:first\",this).text(\"mouse over\");\n    }).mouseout(function(){\n      $(\"p:first\",this).text(\"mouse out\");\n      $(\"p:last\",this).text(++i);\n    });\n\n    var n = 0;\n    $(\"div.enterleave\").mouseenter(function(){\n      $(\"p:first\",this).text(\"mouse enter\");\n    }).mouseleave(function(){\n      $(\"p:first\",this).text(\"mouse leave\");\n      $(\"p:last\",this).text(++n);\n    });\n\n","html":"\n<div class=\"out overout\"><p>move your mouse</p><div class=\"in overout\"><p>move your mouse</p><p>0</p></div><p>0</p></div>\n\n<div class=\"out enterleave\"><p>move your mouse</p><div class=\"in enterleave\"><p>move your mouse</p><p>0</p></div><p>0</p></div>\n\n"},"longdesc":"\n    <p>This method is a shortcut for <code>.on('mouseleave', handler)</code> in the first two variations, and <code>.trigger('mouseleave')</code> in the third.</p>\n    <p>The <code>mouseleave</code> JavaScript event is proprietary to Internet Explorer. Because of the event's general utility, jQuery simulates this event so that it can be used regardless of browser. This event is sent to an element when the mouse pointer leaves the element. Any HTML element can receive this event.</p>\n    <p>For example, consider the HTML:</p>\n    <pre><code>&lt;div id=\"outer\"&gt;\n  Outer\n  &lt;div id=\"inner\"&gt;\n    Inner\n  &lt;/div&gt;\n&lt;/div&gt;\n&lt;div id=\"other\"&gt;\n  Trigger the handler\n&lt;/div&gt;\n&lt;div id=\"log\"&gt;&lt;/div&gt;</code></pre>\n    <p class=\"image\">\n      <img src=\"/resources/0042_05_09.png\" alt=\"\"/>\n    </p>\n    <p>The event handler can be bound to any element:</p>\n    <pre><code>$('#outer').mouseleave(function() {\n  $('#log').append('&lt;div&gt;Handler for .mouseleave() called.&lt;/div&gt;');\n});</code></pre>\n    <p>Now when the mouse pointer moves out of the <samp>Outer</samp> <code>&lt;div&gt;</code>, the message is appended to <code>&lt;div id=\"log\"&gt;</code>. You can also trigger the event when another element is clicked:</p>\n    <pre><code>$('#other').click(function() {\n  $('#outer').mouseleave();\n});</code></pre>\n    <p>After this code executes, clicks on <samp>Trigger the handler</samp> will also append the message.</p>\n    <p>The <code>mouseleave</code> event differs from <code>mouseout</code> in the way it handles event bubbling. If <code>mouseout</code> were used in this example, then when the mouse pointer moved out of the <samp>Inner</samp> element, the handler would be triggered. This is usually undesirable behavior. The <code>mouseleave</code> event, on the other hand, only triggers its handler when the mouse leaves the element it is bound to, not a descendant. So in this example, the handler is triggered when the mouse leaves the <samp>Outer</samp> element, but not the <samp>Inner</samp> element.</p>\n  "}]}