{"name":"outerHeight","type":"method","title":".outerHeight()","deprecated":null,"removed":null,"desc":"Get the current computed height for the first element in the set of matched elements, including padding, border, and optionally margin. Returns an integer (without \"px\") representation of the value or null if called on an empty set of elements.","categories":["css","dimensions","manipulation/style-properties","version/1.2.6"],"entries":[{"return":"Integer","signatures":{"added":"1.2.6","argument":{"desc":"A Boolean indicating whether to include the element's margin in the calculation.","name":"includeMargin","optional":"true","type":"Boolean"}},"examples":{"desc":"Get the outerHeight of a paragraph.","code":"var p = $(\"p:first\");\n$(\"p:last\").text( \"outerHeight:\" + p.outerHeight() + \" , outerHeight(true):\" + p.outerHeight(true) );","css":"p { margin:10px;padding:5px;border:2px solid #666; } ","html":"<p>Hello</p><p></p>"},"longdesc":"\n    <p>The top and bottom padding and border are always included in the <code>.outerHeight()</code> calculation; if the <code>includeMargin</code> argument is set to <code>true</code>, the margin (top and bottom) is also included.</p>\n    <p>This method is not applicable to <code>window</code> and <code>document</code> objects; for these, use <code><a href=\"/height\">.height()</a></code> instead.</p>\n    <p class=\"image\">\n      <img src=\"/resources/0042_04_03.png\"/>\n    </p>\n  "}]}