{"name":"prevUntil","type":"method","title":".prevUntil()","deprecated":null,"removed":null,"desc":"Get all preceding siblings of each element up to but not including the element matched by the selector, DOM node, or jQuery object.","categories":["traversing/tree-traversal","version/1.4","version/1.6"],"entries":[{"return":"jQuery","signatures":[{"added":"1.4","argument":[{"desc":"A string containing a selector expression to indicate where to stop matching preceding sibling elements.","name":"selector","optional":"true","type":"Selector"},{"desc":"A string containing a selector expression to match elements against.","name":"filter","optional":"true","type":"Selector"}]},{"added":"1.6","argument":[{"desc":"A DOM node or jQuery object indicating where to stop matching preceding sibling elements.","name":"element","optional":"true","type":"Element"},{"desc":"A string containing a selector expression to match elements against.","name":"filter","optional":"true","type":"Selector"}]}],"examples":{"height":"250px","desc":"Find the siblings that precede <dt id=\"term-2\"> up to the preceding <dt> and give them a red background color. Also, find previous <dd> siblings of <dt id=\"term-3\"> up to <dt id=\"term-1\"> and give them a green text color.","code":"\n$(\"#term-2\").prevUntil(\"dt\")\n  .css(\"background-color\", \"red\");\n\nvar term1 = document.getElementById('term-1');\n$(\"#term-3\").prevUntil(term1, \"dd\")\n  .css(\"color\", \"green\");\n","html":"<dl>\n  <dt id=\"term-1\">term 1</dt>\n  <dd>definition 1-a</dd>\n  <dd>definition 1-b</dd>\n  <dd>definition 1-c</dd>\n  <dd>definition 1-d</dd>\n\n  <dt id=\"term-2\">term 2</dt>\n  <dd>definition 2-a</dd>\n  <dd>definition 2-b</dd>\n  <dd>definition 2-c</dd>\n\n  <dt id=\"term-3\">term 3</dt>\n  <dd>definition 3-a</dd>\n  <dd>definition 3-b</dd>\n</dl>"},"longdesc":"\n    <p>Given a selector expression that represents a set of DOM elements, the <code>.prevUntil()</code> method searches through the predecessors of these elements in the DOM tree, stopping when it reaches an element matched by the method's argument. The new jQuery object that is returned contains all previous siblings up to but not including the one matched by the <code>.prevUntil()</code> selector; the elements are returned in order from the closest sibling to the farthest.</p>\n    <p>If the selector is not matched or is not supplied, all previous siblings will be selected; in these cases it selects the same elements as the <code>.prevAll()</code> method does when no filter selector is provided.</p>\n    <p><strong>As of jQuery 1.6</strong>, A DOM node or jQuery object, instead of a selector, may be used for the first <strong>.prevUntil()</strong> argument.</p>\n    <p>The method optionally accepts a selector expression for its second argument. If this argument is supplied, the elements will be filtered by testing whether they match it.</p>\n  "}]}