{"name":"promise","type":"method","title":".promise()","deprecated":null,"removed":null,"desc":" Return a Promise object to observe when all actions of a certain type bound to the collection, queued or not, have finished. ","categories":["deferred-object","version/1.6"],"entries":[{"return":"Promise","signatures":{"added":"1.6","argument":[{"desc":" The type of queue that needs to be observed. ","name":"type","type":"String","optional":"true","default":"fx"},{"desc":"Object onto which the promise methods have to be attached","name":"target","type":"PlainObject","optional":"true"}]},"examples":[{"desc":"Using <code>.promise()</code> on a collection with no active animation returns a resolved Promise:","code":"\nvar div = $( \"<div />\" );\n\ndiv.promise().done(function( arg1 ) {\n  // will fire right away and alert \"true\"\n  alert( this === div && arg1 === div );\n});\n"},{"desc":"Resolve the returned Promise when all animations have ended (including those initiated in the animation callback or added later on):","css":"\ndiv {\n  height: 50px; width: 50px;\n  float: left; margin-right: 10px;\n  display: none; background-color: #090;\n}\n","html":"\n<button>Go</button>\n<p>Ready...</p>\n<div></div>\n<div></div>\n<div></div>\n<div></div>\n\n","code":"\n$(\"button\").on( \"click\", function() {\n  $(\"p\").append( \"Started...\");\n\n  $(\"div\").each(function( i ) {\n    $( this ).fadeIn().fadeOut( 1000 * (i+1) );\n  });\n\n  $( \"div\" ).promise().done(function() {\n    $( \"p\" ).append( \" Finished! \" );\n  });\n});\n"},{"desc":"Resolve the returned Promise using a <code>$.when()</code> statement (the <code>.promise()</code> method makes it possible to do this with jQuery collections):","css":"\ndiv {\n  height: 50px; width: 50px;\n  float: left; margin-right: 10px;\n  display: none; background-color: #090;\n}\n","html":"\n<button>Go</button>\n<p>Ready...</p>\n<div></div>\n<div></div>\n<div></div>\n<div></div>\n\n","code":"\nvar effect = function() {\n  return $(\"div\").fadeIn(800).delay(1200).fadeOut();\n};\n\n$(\"button\").on( \"click\", function() {\n  $(\"p\").append( \" Started... \");\n\n  $.when( effect() ).done(function() {\n    $(\"p\").append(\" Finished! \");\n  });\n});\n\n"}],"longdesc":"\n    <p>The <code>.promise()</code> method returns a dynamically generated Promise that is resolved once all actions of a certain type bound to the collection, queued or not, have ended.</p>\n    <p> By default, <code>type</code> is <code>\"fx\"</code>, which means the returned Promise is resolved when all animations of the selected elements have completed.</p>\n    <p> Resolve context and sole argument is the collection onto which <code>.promise()</code> has been called. </p>\n    <p> If <code>target</code> is provided, <code>.promise()</code> will attach the methods onto it and then return this object rather than create a new one. This can be useful to attach the Promise behavior to an object that already exists.</p>\n    <div class=\"warning\">\n      <p><strong>Note: </strong>The returned Promise is linked to a Deferred object stored on the <code>.data()</code> for an element. Since the<code>.remove()</code> method removes the element's data as well as the element itself, it will prevent any of the element's unresolved Promises from resolving. If it is necessary to remove an element from the DOM before its Promise is resolved, use <code>.detach()</code> instead and follow with <code>.removeData()</code> after resolution.</p>\n    </div>\n  "}]}