{"name":"removeClass","type":"method","title":".removeClass()","deprecated":null,"removed":null,"desc":"Remove a single class, multiple classes, or all classes from each element in the set of matched elements.","categories":["attributes","manipulation/class-attribute","css","version/1.0","version/1.4"],"entries":[{"return":"jQuery","signatures":[{"added":"1.0","argument":{"desc":"One or more space-separated classes to be removed from the class attribute of each matched element.","name":"className","optional":"true","type":"String"}},{"added":"1.4","argument":{"desc":"A function returning one or more space-separated class names to be removed. Receives the index position of the element in the set and the old class value as arguments.","name":"function(index, class)","type":"Function"}}],"examples":[{"desc":"Remove the class 'blue' from the matched elements.","code":"$(\"p:even\").removeClass(\"blue\");","css":"\n\n  p { margin: 4px; font-size:16px; font-weight:bolder; }\n  .blue { color:blue; }\n  .under { text-decoration:underline; }\n  .highlight { background:yellow; }\n  ","html":"<p class=\"blue under\">Hello</p>\n  <p class=\"blue under highlight\">and</p>\n  <p class=\"blue under\">then</p>\n\n  <p class=\"blue under\">Goodbye</p>"},{"desc":"Remove the class 'blue' and 'under' from the matched elements.","code":"$(\"p:odd\").removeClass(\"blue under\");","css":"\n  p { margin: 4px; font-size:16px; font-weight:bolder; }\n  .blue { color:blue; }\n  .under { text-decoration:underline; }\n  .highlight { background:yellow; }\n  ","html":"<p class=\"blue under\">Hello</p>\n\n  <p class=\"blue under highlight\">and</p>\n  <p class=\"blue under\">then</p>\n  <p class=\"blue under\">Goodbye</p>"},{"desc":"Remove all the classes from the matched elements.","code":"$(\"p:eq(1)\").removeClass();","css":"\n\n  p { margin: 4px; font-size:16px; font-weight:bolder; }\n  .blue { color:blue; }\n  .under { text-decoration:underline; }\n  .highlight { background:yellow; }\n  ","html":"<p class=\"blue under\">Hello</p>\n  <p class=\"blue under highlight\">and</p>\n  <p class=\"blue under\">then</p>\n\n  <p class=\"blue under\">Goodbye</p>"}],"longdesc":"\n    <p>If a class name is included as a parameter, then only that class will be removed from the set of matched elements. If no class names are specified in the parameter, all classes will be removed.</p>\n    <p>More than one class may be removed at a time, separated by a space, from the set of matched elements, like so:</p>\n    <pre><code>$('p').removeClass('myClass yourClass')</code></pre>\n    <p>This method is often used with <code>.addClass()</code> to switch elements' classes from one to another, like so:</p>\n    <pre><code>$('p').removeClass('myClass noClass').addClass('yourClass');</code></pre>\n    <p>Here, the <code>myClass</code> and <code>noClass</code> classes are removed from all paragraphs, while <code>yourClass</code> is added.</p>\n    <p>To replace all existing classes with another class, we can use <code>.attr('class', 'newClass')</code> instead.</p>\n    <p>As of jQuery 1.4, the <code>.removeClass()</code> method allows us to indicate the class to be removed by passing in a function.</p>\n    <pre><code>$('li:last').removeClass(function() {\n  return $(this).prev().attr('class');\n});</code></pre>\n    <p>This example removes the class name of the penultimate <code>&lt;li&gt;</code> from the last <code>&lt;li&gt;</code>.</p>\n  "}]}