{"name":"reset","type":"selector","title":":reset Selector","deprecated":null,"removed":null,"desc":"Selects all elements of type reset.","categories":["selectors/form-selectors","selectors/jquery-selector-extensions","version/1.0"],"entries":[{"return":"","signatures":{"added":"1.0"},"examples":{"desc":"Finds all reset inputs.","code":"\nvar input = $(\"input:reset\").css({background:\"yellow\", border:\"3px red solid\"});\n$(\"div\").text(\"For this type jQuery found \" + input.length + \".\")\n        .css(\"color\", \"red\");\n$(\"form\").submit(function () { return false; }); // so it won't submit\n","css":"\n  textarea { height:45px; }\n  ","html":"<form>\n    <input type=\"button\" value=\"Input Button\"/>\n    <input type=\"checkbox\" />\n\n    <input type=\"file\" />\n    <input type=\"hidden\" />\n    <input type=\"image\" />\n\n    <input type=\"password\" />\n    <input type=\"radio\" />\n    <input type=\"reset\" />\n\n    <input type=\"submit\" />\n    <input type=\"text\" />\n    <select><option>Option<option/></select>\n\n    <textarea></textarea>\n    <button>Button</button>\n  </form>\n  <div>\n  </div>"},"longdesc":"\n    <p><code>:reset</code> is equivalent to <code>[type=\"reset\"]</code></p>\n  "}],"slug":"reset-selector"}