{"name":"root","type":"selector","title":":root Selector","deprecated":null,"removed":null,"desc":"Selects the element that is the root of the document.","categories":["selectors/basic-filter-selectors","version/1.9"],"entries":[{"return":"","signatures":{"added":"1.9"},"examples":{"desc":"Display the tag name of the root element.","code":"\n$( \"<b></b>\" ).html( $( \":root\" )[0].nodeName ).appendTo( \"#log\" );\n","css":"\nspan.fot { color: red; font-size: 120%; font-style: italic; }\n  ","html":"<div id=\"log\">The root of this document is: </div>"},"longdesc":"\n    <p>In HTML, the root of the document, and thus the element that <code>$(\":root\")</code> selects, is always the <code>&lt;html&gt;</code> element.</p>\n  "}],"slug":"root-selector"}