{"name":"selected","type":"selector","title":":selected Selector","deprecated":null,"removed":null,"desc":"Selects all elements that are selected.","categories":["selectors/form-selectors","selectors/jquery-selector-extensions","version/1.0"],"entries":[{"return":"","signatures":{"added":"1.0"},"examples":{"desc":"Attaches a change event to the select that gets the text for each selected option and writes them in the div.  It then triggers the event for the initial text draw.","code":"\n$(\"select\").change(function () {\n  var str = \"\";\n  $(\"select option:selected\").each(function () {\n        str += $(this).text() + \" \";\n      });\n  $(\"div\").text(str);\n})\n.trigger('change');\n","css":"\n  div { color:red; }\n  ","html":"<select name=\"garden\" multiple=\"multiple\">\n\n    <option>Flowers</option>\n    <option selected=\"selected\">Shrubs</option>\n    <option>Trees</option>\n    <option selected=\"selected\">Bushes</option>\n\n    <option>Grass</option>\n    <option>Dirt</option>\n  </select>\n  <div></div>"},"longdesc":"\n    <p>The <code>:selected</code> selector works for <code>&lt;option&gt;</code> elements. It does not work for checkboxes or radio inputs; use <code>:checked</code> for them.</p>\n  "}],"slug":"selected-selector"}