{"name":"select","type":"method","title":".select()","deprecated":null,"removed":null,"desc":"Bind an event handler to the \"select\" JavaScript event, or trigger that event on an element.","categories":["events/form-events","forms","version/1.0","version/1.4.3"],"entries":[{"return":"jQuery","signatures":[{"added":"1.0","argument":{"desc":"A function to execute each time the event is triggered.","name":"handler(eventObject)","type":"Function"}},{"added":"1.4.3","argument":[{"desc":"An object containing data that will be passed to the event handler.","name":"eventData","type":"PlainObject","optional":"true"},{"desc":"A function to execute each time the event is triggered.","name":"handler(eventObject)","type":"Function"}]},{"added":"1.0"}],"examples":[{"desc":"To do something when text in input boxes is selected:","code":"\n$(\":input\").select( function () {\n  $(\"div\").text(\"Something was selected\").show().fadeOut(1000);\n});\n","css":"\n  p { color:blue; }\n  div { color:red; }\n  ","html":"\n  <p>\n    Click and drag the mouse to select text in the inputs.\n  </p>\n  <input type=\"text\" value=\"Some text\" />\n  <input type=\"text\" value=\"to test on\" />\n\n  <div></div>"},{"desc":"To trigger the select event on all input elements, try:","code":"$(\"input\").select();"}],"longdesc":"\n    <p>This method is a shortcut for <code>.on('select', handler)</code> in the first two variations, and <code>.trigger('select')</code> in the third.</p>\n    <p>The <code>select</code> event is sent to an element when the user makes a text selection inside it. This event is limited to <code>&lt;input type=\"text\"&gt;</code> fields and <code>&lt;textarea&gt;</code> boxes.</p>\n    <p>For example, consider the HTML:</p>\n    <pre><code>&lt;form&gt;\n  &lt;input id=\"target\" type=\"text\" value=\"Hello there\" /&gt;\n&lt;/form&gt;\n&lt;div id=\"other\"&gt;\n  Trigger the handler\n&lt;/div&gt;</code></pre>\n    <p>The event handler can be bound to the text input:</p>\n    <pre><code>$('#target').select(function() {\n  alert('Handler for .select() called.');\n});</code></pre>\n    <p>Now when any portion of the text is selected, the alert is displayed. Merely setting the location of the insertion point will not trigger the event. To trigger the event manually, apply <code>.select()</code> without an argument:</p>\n    <pre><code>$('#other').click(function() {\n  $('#target').select();\n});</code></pre>\n    <p>After this code executes, clicks on the Trigger button will also alert the message:</p>\n    <p>\n      <samp>Handler for .select() called.</samp>\n    </p>\n    <p>In addition, the default <code>select</code> action on the field will be fired, so the entire text field will be selected.</p>\n    <div class=\"warning\">\n      <p>The method for retrieving the current selected text differs from one browser to another. A number of jQuery plug-ins offer cross-platform solutions.</p>\n    </div>\n  "}]}