{"name":"slice","type":"method","title":".slice()","deprecated":null,"removed":null,"desc":"Reduce the set of matched elements to a subset specified by a range of indices.","categories":["traversing/filtering","version/1.1.4"],"entries":[{"return":"jQuery","signatures":{"added":"1.1.4","argument":[{"desc":"An integer indicating the 0-based position at which the elements begin to be selected. If negative, it indicates an offset from the end of the set.","name":"start","type":"Integer"},{"desc":"An integer indicating the 0-based position at which the elements stop being selected. If negative, it indicates an offset from the end of the set. If omitted, the range continues until the end of the set.","name":"end","optional":"true","type":"Integer"}]},"examples":[{"desc":"Turns divs yellow based on a random slice.","code":"\nfunction colorEm() {\n  var $div = $(\"div\");\n  var start = Math.floor(Math.random() *\n                         $div.length);\n  var end = Math.floor(Math.random() *\n                       ($div.length - start)) +\n                       start + 1;\n  if (end == $div.length) end = undefined;\n  $div.css(\"background\", \"\");\n  if (end)\n    $div.slice(start, end).css(\"background\", \"yellow\");\n   else\n    $div.slice(start).css(\"background\", \"yellow\");\n\n  $(\"span\").text('$(\"div\").slice(' + start +\n                 (end ? ', ' + end : '') +\n                 ').css(\"background\", \"yellow\");');\n}\n\n$(\"button\").click(colorEm);\n","css":"\n  div { width:40px; height:40px; margin:10px; float:left;\n        border:2px solid blue; }\n  span { color:red; font-weight:bold; }\n  button { margin:5px; }\n  ","height":"240","html":"<p><button>Turn slice yellow</button>\n  <span>Click the button!</span></p>\n  <div></div>\n  <div></div>\n\n  <div></div>\n  <div></div>\n  <div></div>\n  <div></div>\n  <div></div>\n\n  <div></div>\n  <div></div>"},{"desc":"Selects all paragraphs, then slices the selection to include only the first element.","code":"$(\"p\").slice(0, 1).wrapInner(\"<b></b>\");"},{"desc":"Selects all paragraphs, then slices the selection to include only the first and second element.","code":"$(\"p\").slice(0, 2).wrapInner(\"<b></b>\");"},{"desc":"Selects all paragraphs, then slices the selection to include only the second element.","code":"$(\"p\").slice(1, 2).wrapInner(\"<b></b>\");"},{"desc":"Selects all paragraphs, then slices the selection to include only the second and third element.","code":"$(\"p\").slice(1).wrapInner(\"<b></b>\");"},{"desc":"Selects all paragraphs, then slices the selection to include only the third element.","code":"$(\"p\").slice(-1).wrapInner(\"<b></b>\");"}],"longdesc":"\n    <p>Given a jQuery object that represents a set of DOM elements, the <code>.slice()</code> method constructs a new jQuery object containing a subset of the elements specified by the <code>start</code> and, optionally, <code>end</code> argument. The supplied <code>start</code> index identifies the position of one of the elements in the set; if <code>end</code> is omitted, all elements after this one will be included in the result.</p>\n    <p>Consider a page with a simple list on it:</p>\n    <pre><code>\n&lt;ul&gt;\n  &lt;li&gt;list item 1&lt;/li&gt;\n  &lt;li&gt;list item 2&lt;/li&gt;\n  &lt;li&gt;list item 3&lt;/li&gt;\n  &lt;li&gt;list item 4&lt;/li&gt;\n  &lt;li&gt;list item 5&lt;/li&gt;\n&lt;/ul&gt;\n    </code></pre>\n    <p>We can apply this method to the set of list items:</p>\n    <pre><code>$('li').slice(2).css('background-color', 'red');</code></pre>\n    <p>The result of this call is a red background for items 3, 4, and 5. Note that the supplied index is zero-based, and refers to the position of elements within the jQuery object, not within the DOM tree.</p>\n    <p>The end parameter allows us to limit the selected range even further. For example:</p>\n    <pre><code>$('li').slice(2, 4).css('background-color', 'red');</code></pre>\n    <p>Now only items 3 and 4 are selected. The index is once again zero-based; the range extends up to but not including the specified index.</p>\n    <h4>Negative Indices</h4>\n    <p>The jQuery <code>.slice()</code> method is patterned after the JavaScript .slice() method for arrays. One of the features that it mimics is the ability for negative numbers to be passed as either the <code>start</code> or <code>end</code> parameter. If a negative number is provided, this indicates a position starting from the end of the set, rather than the beginning. For example:</p>\n    <pre><code>$('li').slice(-2, -1).css('background-color', 'red');</code></pre>\n    <p>This time only list item 4 is turned red, since it is the only item in the range between two from the end (<code>-2</code>) and one from the end (<code>-1</code>).</p>\n  "}]}