{"name":"stop","type":"method","title":".stop()","deprecated":null,"removed":null,"desc":"Stop the currently-running animation on the matched elements.","categories":["effects/custom-effects","version/1.2","version/1.7"],"entries":[{"return":"jQuery","signatures":[{"added":"1.2","argument":[{"desc":"A Boolean indicating whether to remove queued animation as well. Defaults to <code>false</code>.","name":"clearQueue","type":"Boolean","optional":"true"},{"desc":"A Boolean indicating whether to complete the current animation immediately. Defaults to <code>false</code>.","name":"jumpToEnd","type":"Boolean","optional":"true"}]},{"added":"1.7","argument":[{"desc":"The name of the queue in which to stop animations.","name":"queue","type":"String","optional":"true"},{"desc":"A Boolean indicating whether to remove queued animation as well. Defaults to <code>false</code>.","name":"clearQueue","type":"Boolean","optional":"true"},{"desc":"A Boolean indicating whether to complete the current animation immediately. Defaults to <code>false</code>.","name":"jumpToEnd","type":"Boolean","optional":"true"}]}],"examples":[{"desc":"Click the Go button once to start the animation, then click the STOP button to stop it where it's currently positioned.  Another option is to click several buttons to queue them up and see that stop just kills the currently playing one.","code":"\n/* Start animation */\n$(\"#go\").click(function(){\n$(\".block\").animate({left: '+=100px'}, 2000);\n});\n\n/* Stop animation when button is clicked */\n$(\"#stop\").click(function(){\n$(\".block\").stop();\n});\n\n/* Start animation in the opposite direction */\n$(\"#back\").click(function(){\n$(\".block\").animate({left: '-=100px'}, 2000);\n});\n\n","html":"<button id=\"go\">Go</button>\n<button id=\"stop\">STOP!</button>\n<button id=\"back\">Back</button>\n<div class=\"block\"></div>","css":"div {\nposition: absolute;\nbackground-color: #abc;\nleft: 0px;\ntop:30px;\nwidth: 60px;\nheight: 60px;\nmargin: 5px;\n}\n"},{"desc":"Click the slideToggle button to start the animation, then click again before the animation is completed. The animation will toggle the other direction from the saved starting point.","code":"\nvar $block = $('.block');\n/* Toggle a sliding animation animation */\n$('#toggle').on('click', function() {\n    $block.stop().slideToggle(1000);\n});\n","html":"<button id=\"toggle\">slideToggle</button>\n<div class=\"block\"></div>","css":".block {\nbackground-color: #abc;\nborder: 2px solid black;\nwidth: 200px;\nheight: 80px;\nmargin: 10px;\n}\n"}],"longdesc":"\n    <p>When <code>.stop()</code> is called on an element, the currently-running animation (if any) is immediately stopped. If, for instance, an element is being hidden with <code>.slideUp()</code> when <code>.stop()</code> is called, the element will now still be displayed, but will be a fraction of its previous height. Callback functions are not called.</p>\n    <p>If more than one animation method is called on the same element, the later animations are placed in the effects queue for the element. These animations will not begin until the first one completes. When <code>.stop()</code> is called, the next animation in the queue begins immediately. If the <code>clearQueue</code> parameter is provided with a value of <code>true</code>, then the rest of the animations in the queue are removed and never run.</p>\n    <p>If the <code>jumpToEnd</code> argument is provided with a value of <code>true</code>, the current animation stops, but the element is immediately given its target values for each CSS property. In our above <code>.slideUp()</code> example, the element would be immediately hidden. The callback function is then immediately called, if provided.</p>\n    <p><strong>As of jQuery 1.7</strong>, if the first argument is provided as a string, only the animations in the queue represented by that string will be stopped.</p>\n    <p>The usefulness of the <code>.stop()</code> method is evident when we need to animate an element on <code>mouseenter</code> and <code>mouseleave</code>:</p>\n    <pre><code>&lt;div id=\"hoverme\"&gt;\n  Hover me\n  &lt;img id=\"hoverme\" src=\"book.png\" alt=\"\" width=\"100\" height=\"123\" /&gt;\n&lt;/div&gt;</code></pre>\n    <p>We can create a nice fade effect without the common problem of multiple queued animations by adding <code>.stop(true, true)</code> to the chain:</p>\n    <pre><code>$('#hoverme-stop-2').hover(function() {\n  $(this).find('img').stop(true, true).fadeOut();\n}, function() {\n  $(this).find('img').stop(true, true).fadeIn();\n});</code></pre>\n    <h2>Toggling Animations</h2>\n    <p><strong>As of jQuery 1.7,</strong> stopping a toggled animation prematurely with <code>.stop()</code> will trigger jQuery's internal effects tracking. In previous versions, calling the <code>.stop()</code> method before a toggled animation was completed would cause the animation to lose track of its state (if jumpToEnd was false). Any subsequent animations would start at a new \"half-way\" state, sometimes resulting in the element disappearing. To observe the new behavior, see the final example below.</p>\n    <div class=\"warning\">\n      <p>Animations may be stopped globally by setting the property <code>$.fx.off</code> to <code>true</code>. When this is done, all animation methods will immediately set elements to their final state when called, rather than displaying an effect.</p>\n    </div>\n  "}]}