{"name":"text","type":"method","title":".text()","deprecated":null,"removed":null,"desc":"Get the combined text contents of each element in the set of matched elements, including their descendants, or set the text contents of the matched elements.","categories":["manipulation/dom-insertion-inside","version/1.0","version/1.4"],"entries":[{"return":"String","signatures":{"added":"1.0"},"examples":{"desc":"Find the text in the first paragraph (stripping out the html), then set the html of the last paragraph to show it is just text (the red bold is gone).","code":"\nvar str = $(\"p:first\").text();\n$(\"p:last\").html(str);\n","css":"\n  p { color:blue; margin:8px; }\n  b { color:red; }\n  ","html":"<p><b>Test</b> Paragraph.</p>\n  <p></p>"},"desc":"Get the combined text contents of each element in the set of matched elements, including their descendants.","longdesc":"\n      <p>Unlike the <code>.html()</code> method, <code>.text()</code> can be used in both XML and HTML documents. The result of the <code>.text()</code> method is a string containing the combined text of all matched elements. (Due to variations in the HTML parsers in different browsers, the text returned may vary in newlines and other white space.) Consider the following HTML:</p>\n      <pre><code>&lt;div class=\"demo-container\"&gt;\n      &lt;div class=\"demo-box\"&gt;Demonstration Box&lt;/div&gt;\n  &lt;ul&gt;\n  &lt;li&gt;list item 1&lt;/li&gt;\n  &lt;li&gt;list &lt;strong&gt;item&lt;/strong&gt; 2&lt;/li&gt;\n  &lt;/ul&gt;\n  &lt;/div&gt;\n</code></pre>\n      <p>The code <code>$('div.demo-container').text()</code> would produce the following result:</p>\n      <p>\n        <code>Demonstration Box list item 1 list item 2</code>\n      </p>\n      <p>The <code>.text()</code> method cannot be used on form inputs or scripts.  To set or get the text value of <code>input</code> or <code>textarea</code> elements, use the <a href=\"/val\"><code>.val()</code></a> method. To get the value of a script element, use the <a href=\"/html\"><code>.html()</code></a> method.</p>\n      <p>As of jQuery 1.4, the <code>.text()</code> method returns the value of text and CDATA nodes as well as element nodes.</p>\n    "},{"return":"jQuery","signatures":[{"added":"1.0","argument":{"desc":"A string of text to set as the content of each matched element.","name":"textString","type":"String"}},{"added":"1.4","argument":{"desc":"A function returning the text content to set. Receives the index position of the element in the set and the old text value as arguments.","name":"function(index, text)","type":"Function"}}],"examples":{"desc":"Add text to the paragraph (notice the bold tag is escaped).","code":"$(\"p\").text(\"<b>Some</b> new text.\");","css":"\n\n  p { color:blue; margin:8px; }\n  ","html":"<p>Test Paragraph.</p>"},"desc":"Set the content of each element in the set of matched elements to the specified text.","longdesc":"\n      <p>Unlike the <code>.html()</code> method, <code>.text()</code> can be used in both XML and HTML documents. </p>\n      <p>We need to be aware that this method escapes the string provided as necessary so that it will render correctly in HTML. To do so, it calls the DOM method <code>.createTextNode()</code>, does not interpret the string as HTML.  Consider the following HTML:</p>\n      <pre><code>&lt;div class=\"demo-container\"&gt;\n  &lt;div class=\"demo-box\"&gt;Demonstration Box&lt;/div&gt;\n  &lt;ul&gt;\n    &lt;li&gt;list item 1&lt;/li&gt;\n    &lt;li&gt;list &lt;strong&gt;item&lt;/strong&gt; 2&lt;/li&gt;\n  &lt;/ul&gt;\n&lt;/div&gt;\n</code></pre>\n      <p>The code <code>$('div.demo-container').text('&lt;p&gt;This is a test.&lt;/p&gt;');</code> will produce the following DOM output:</p>\n      <pre><code>&lt;div class=\"demo-container\"&gt;\n&amp;lt;p&amp;gt;This is a test.&amp;lt;/p&amp;gt;\n&lt;/div&gt;</code></pre>\n      <p>It will appear on a rendered page as though the tags were exposed, like this:</p>\n      <pre><code>&lt;p&gt;This is a test&lt;/p&gt;</code></pre>\n      <p>The <code>.text()</code> method cannot be used on input elements.  For input field text, use the <a href=\"/val\">.val()</a> method.</p>\n      <p>As of jQuery 1.4, the <code>.text()</code> method allows us to set the text content by passing in a function.</p>\n      <pre><code>$('ul li').text(function(index) {\n  return 'item number ' + (index + 1);\n});</code></pre>\n      <p>Given an unordered list with three <code>&lt;li&gt;</code> elements, this example will produce the following DOM output:</p>\n      <pre><code>&lt;ul&gt;\n  &lt;li&gt;item number 1&lt;/li&gt;\n  &lt;li&gt;item number 2&lt;/li&gt;\n  &lt;li&gt;item number 3&lt;/li&gt;\n&lt;/ul&gt;\n</code></pre>\n    "}]}