{"name":"wrapAll","type":"method","title":".wrapAll()","deprecated":null,"removed":null,"desc":"Wrap an HTML structure around all elements in the set of matched elements.","categories":["manipulation/dom-insertion-around","version/1.2","version/1.4"],"entries":[{"return":"jQuery","signatures":{"added":"1.2","argument":{"type":[{"name":"Selector"},{"name":"htmlString"},{"name":"Element"},{"name":"jQuery"}],"desc":"A selector, element, HTML string, or jQuery object specifying the structure to wrap around the matched elements.","name":"wrappingElement"}},"examples":[{"desc":"Wrap a new div around all of the paragraphs.","code":"$(\"p\").wrapAll(\"<div></div>\");","css":"\n\n  div { border: 2px solid blue; }\n  p { background:yellow; margin:4px; }\n  ","html":"<p>Hello</p>\n  <p>cruel</p>\n  <p>World</p>"},{"desc":"Wraps a newly created tree of objects around the spans.  Notice anything in between the spans gets left out like the <strong> (red text) in this example.  Even the white space between spans is left out.  Click View Source to see the original html.","code":"$(\"span\").wrapAll(\"<div><div><p><em><b></b></em></p></div></div>\");","css":"\n\n  div { border:2px blue solid; margin:2px; padding:2px; }\n  p { background:yellow; margin:2px; padding:2px; }\n  strong { color:red; }\n  ","html":"<span>Span Text</span>\n  <strong>What about me?</strong>\n  <span>Another One</span>"},{"desc":"Wrap a new div around all of the paragraphs.","code":"$(\"p\").wrapAll(document.createElement(\"div\"));","css":"\n\n  div { border: 2px solid blue; }\n  p { background:yellow; margin:4px; }\n  ","html":"<p>Hello</p>\n  <p>cruel</p>\n  <p>World</p>"},{"desc":"Wrap a jQuery object double depth div around all of the paragraphs.  Notice it doesn't move the object but just clones it to wrap around its target.","code":"$(\"p\").wrapAll($(\".doublediv\"));","css":"\n\n  div { border: 2px solid blue; margin:2px; padding:2px; }\n  .doublediv { border-color:red; }\n  p { background:yellow; margin:4px; font-size:14px; }\n  ","html":"<p>Hello</p>\n  <p>cruel</p>\n  <p>World</p>\n  <div class=\"doublediv\"><div></div></div>"}],"longdesc":"\n    <p>The <code>.wrapAll()</code> function can take any string or object that could be passed to the <code>$()</code> function to specify a DOM structure. This structure may be nested several levels deep, but should contain only one inmost element. The structure will be wrapped around all of the elements in the set of matched elements, as a single group.</p>\n    <p>Consider the following HTML:</p>\n    <pre><code>&lt;div class=\"container\"&gt;\n  &lt;div class=\"inner\"&gt;Hello&lt;/div&gt;\n  &lt;div class=\"inner\"&gt;Goodbye&lt;/div&gt;\n&lt;/div&gt;</code></pre>\n    <p>Using <code>.wrapAll()</code>, we can insert an HTML structure around the inner <code>&lt;div&gt;</code> elements like so:</p>\n    <pre><code>$('.inner').wrapAll('&lt;div class=\"new\" /&gt;');</code></pre>\n    <p>The new <code>&lt;div&gt;</code> element is created on the fly and added to the DOM. The result is a new <code>&lt;div&gt;</code> wrapped around all matched elements:</p>\n    <pre><code>&lt;div class=\"container\"&gt;\n  &lt;div class=\"new\"&gt;\n    &lt;div class=\"inner\"&gt;Hello&lt;/div&gt;\n    &lt;div class=\"inner\"&gt;Goodbye&lt;/div&gt;\n  &lt;/div&gt;\n&lt;/div&gt;</code></pre>\n  "}]}