{"name":"wrap","type":"method","title":".wrap()","deprecated":null,"removed":null,"desc":"Wrap an HTML structure around each element in the set of matched elements.","categories":["manipulation/dom-insertion-around","version/1.0","version/1.4"],"entries":[{"return":"jQuery","signatures":[{"added":"1.0","argument":{"type":[{"name":"Selector"},{"name":"htmlString"},{"name":"Element"},{"name":"jQuery"}],"desc":"A selector, element, HTML string, or jQuery object specifying the structure to wrap around the matched elements.","name":"wrappingElement"}},{"added":"1.4","argument":{"desc":"A callback function returning the HTML content or jQuery object to wrap around the matched elements. Receives the index position of the element in the set as an argument. Within the function, <code>this</code> refers to the current element in the set.","name":"function(index)","type":"Function"}}],"examples":[{"desc":"Wrap a new div around all of the paragraphs.","code":"$(\"p\").wrap(\"<div></div>\");","css":"\n\n  div { border: 2px solid blue; }\n  p { background:yellow; margin:4px; }\n  ","html":"<p>Hello</p>\n  <p>cruel</p>\n  <p>World</p>"},{"desc":"Wraps a newly created tree of objects around the spans.  Notice anything in between the spans gets left out like the <strong> (red text) in this example.  Even the white space between spans is left out.  Click View Source to see the original html.","code":"$(\"span\").wrap(\"<div><div><p><em><b></b></em></p></div></div>\");","css":"\n\n  div { border:2px blue solid; margin:2px; padding:2px; }\n  p { background:yellow; margin:2px; padding:2px; }\n  strong { color:red; }\n  ","html":"<span>Span Text</span>\n  <strong>What about me?</strong>\n  <span>Another One</span>"},{"desc":"Wrap a new div around all of the paragraphs.","code":"$(\"p\").wrap(document.createElement(\"div\"));","css":"\n\n  div { border: 2px solid blue; }\n  p { background:yellow; margin:4px; }\n  ","html":"<p>Hello</p>\n  <p>cruel</p>\n  <p>World</p>"},{"desc":"Wrap a jQuery object double depth div around all of the paragraphs.  Notice it doesn't move the object but just clones it to wrap around its target.","code":"$(\"p\").wrap($(\".doublediv\"));","css":"\n\n  div { border: 2px solid blue; margin:2px; padding:2px; }\n  .doublediv { border-color:red; }\n  p { background:yellow; margin:4px; font-size:14px; }\n  ","html":"<p>Hello</p>\n  <p>cruel</p>\n  <p>World</p>\n  <div class=\"doublediv\"><div></div></div>"}],"longdesc":"\n    <p>The <code>.wrap()</code> function can take any string or object that could be passed to the <code>$()</code> factory function to specify a DOM structure. This structure may be nested several levels deep, but should contain only one inmost element. A copy of this structure will be wrapped around each of the elements in the set of matched elements. This method returns the original set of elements for chaining purposes.</p>\n    <p>Consider the following HTML:</p>\n    <pre><code>&lt;div class=\"container\"&gt;\n  &lt;div class=\"inner\"&gt;Hello&lt;/div&gt;\n  &lt;div class=\"inner\"&gt;Goodbye&lt;/div&gt;\n&lt;/div&gt;</code></pre>\n    <p>Using <code>.wrap()</code>, we can insert an HTML structure around the inner <code>&lt;div&gt;</code> elements like so:</p>\n    <pre><code>$('.inner').wrap('&lt;div class=\"new\" /&gt;');</code></pre>\n    <p>The new <code>&lt;div&gt;</code> element is created on the fly and added to the DOM. The result is a new <code>&lt;div&gt;</code> wrapped around each matched element:</p>\n    <pre><code>&lt;div class=\"container\"&gt;\n  &lt;div class=\"new\"&gt;\n    &lt;div class=\"inner\"&gt;Hello&lt;/div&gt;\n  &lt;/div&gt;\n  &lt;div class=\"new\"&gt;\n    &lt;div class=\"inner\"&gt;Goodbye&lt;/div&gt;\n  &lt;/div&gt;\n&lt;/div&gt;</code></pre>\n    <p>The second version of this method allows us to instead specify a callback function. This callback function will be called once for every matched element; it should return a DOM element, jQuery object, or HTML snippet in which to wrap the corresponding element. For example:</p>\n    <pre><code>$('.inner').wrap(function() {\n  return '&lt;div class=\"' + $(this).text() + '\" /&gt;';\n});</code></pre>\n    <p>This will cause each <code>&lt;div&gt;</code> to have a class corresponding to the text it wraps:</p>\n    <pre><code>&lt;div class=\"container\"&gt;\n  &lt;div class=\"Hello\"&gt;\n    &lt;div class=\"inner\"&gt;Hello&lt;/div&gt;\n  &lt;/div&gt;\n  &lt;div class=\"Goodbye\"&gt;\n    &lt;div class=\"inner\"&gt;Goodbye&lt;/div&gt;\n  &lt;/div&gt;\n&lt;/div&gt;</code></pre>\n  "}]}